ip_address,id
B1_A09-10_192-168-10-10,1
B1_A10-11_192-168-10-11,2
B1_A11-12_192-168-10-12,3
B1_A12-13_192-168-10-13,4
B1_A13-14_192-168-10-14,5
B1_A14-15_192-168-10-15,6
B1_A15-16_192-168-10-16,7
B1_A16-17_192-168-10-17,8
B1_A17-18_192-168-10-18,9
B1_A18-19_192-168-10-19,10
B1_A19-20_192-168-10-20,11
B1_B19-20_192-168-10-21,12
B1_B18-19_192-168-10-22,13
B1_B17-18_192-168-10-23,14
B1_B16-17_192-168-10-24,15
B1_B12-13_192-168-10-25,16
B1_B11-12_192-168-10-26,17
B1_B10-11_192-168-10-27,18
B1_B09-B10_192-168-10-28,19
B1_C14-D14_192-168-10-29,20
B1_D14-E14_192-168-10-30,21
B1_E14-F14_192-168-10-31,22
B1_F14-G14_192-168-10-32,23
B1_H12-H13_192-168-10-33,24
B1_H11-H12_192-168-10-34,25
B1_C16-17_192-168-10-35,26
B1_C17-18_192-168-10-36,27
B1_C18-19_192-168-10-37,28
B1_C19-20_192-168-10-38,29
B1_C20-21_192-168-10-39,30
B1_C21-22_192-168-10-40,31
B1_C22-23_192-168-10-41,32
B1_C23-24_192-168-10-42,33
B1_C24-25_192-168-10-43,34
B1_C25-26_192-168-10-44,35
B1_D24-25_192-168-11-224,36
B1_D16-17_192-168-10-46,37
B1_B22-23_192-168-10-47,38
B1_A30-31_192-168-10-48,39
B1_A28-29_192-168-10-49,40
B1-B25-26_192-168-11-216,41
B1_B28-29_192-168-11-217,42
B1_A22-23_192-168-11-218,43
B1_A26-27_192-168-11-219,44
B1_A23-24_192-168-11-220,45
B1_A25-26_192-168-11-221,46
B1_B21-22_192-168-11-222,47
B1_B20-21_192-168-11-223,48
B1_B23-24_192-168-10-60,49
B1_A29-30_192-168-10-61,50
B1_B29-30_192-168-10-62,51
B1_C28-29_192-168-10-63,52
B1_B24-25_192-168-10-64,53
B1_A27-28_192-168-10-65,54
B1_D26-27_192-168-10-66,55
B1_D27-28_192-168-10-67,56
B1_C27-28_192-168-10-68,57
B1_C29-30_192-168-10-69,58
B1_D30_192-168-10-70,59
B1_A03-04_192-168-10-76,60
B1_A01-02_192-168-10-77,61
B1_A04-05_192-168-10-78,62
B1_A08-09_192-168-10-79,63
B1_B01-02_192-168-10-80,64
B1_B03-B04_192-168-10-81,65
null,66
B1_F04-F05_192-168-10-83,67
B1_E04-E05_192-168-10-84,68
B1_C6-D6_192-168-10-85,69
B1_F02-F03_192-168-10-86,70
B1_F06-07-192-168-10-87,71
B1_F07_192-168-10-89,72
B1_B04-05_192-168-10-90,73
B1_B02-03_192-168-10-91,74
B1_A05-06_192-168-10-92,75
B1_D04-05_192-168-10-93,76
B1_F03-04_192-168-10-94,77
B1_A07-08_192-168-10-95,78
B1_B06-07_192-168-10-96,79
B1_F01-02_192-168-10-97,80
B1_C2-C3_192-168-10-98,81
B1_B07-08_192-168-10-99,82
B1_A02-03_192-168-10-100,83
B1_C03-04_192-168-10-101,84
B1_B08-09_192-168-10-102,85
B1_C01-02_192-168-10-103,86
B1_C06_192-168-10-104,87
B1_K03-K04_192-168-10-105,88
B1_G10-G11_192-168-10-106,89
B1_K04-K05_192-168-10-107,90
B1_G09-G10_192-168-10-108,91
B1_J14-J15_192-168-10-109,92
B1_G07-08_192-168-10-110,93
B1_J12-J13_192-168-10-111,94
B1_J07-J08_192-168-10-112,95
B1_J08-J09_192-168-10-113,96
B1_J09-J10_192-168-10-114,97
B1_J01-J02_192-168-10-115,98
B1_G11-G12_192-168-10-116,99
B1_H02-H03_192-168-10-117,100
B1_K07-K08_192-168-10-118,101
B1_K09-K10_192-168-10-119,102
B1_H04-H05_192-168-10-120,103
B1_G01-G02_192-168-10-121,104
B1_J03-J04_192-168-10-122,105
B1_J06-J07_192-168-10-123,106
B1_H01-H02_192-168-10-124,107
B1_H09-H10_192-168-10-125,108
B1_J04-J05_192-168-10-126,109
B1_G08-G09_192-168-10-129,110
B1_G02-03_192-168-10-130,111
B1_G06-07_192-168-10-131,112
B1_H06-07_192-168-10-132,113
B1_H07-08_192-168-10-133,114
B1_K02-03_192-168-10-134,115
B1_J10-11-_192-168-10-135,116
B1_J14_192-168-10-136,117
B1_J11-12_192-168-10-137,118
B1_J02-03_192-168-10-140,119
B1_D04-05_192-168-10-142,120
B1_H03-04_192-168-10-143,121
B1_K01-02_192_168_10_144,122
B1_H10-11_192-168-10-145,123
B1_G03-04_192-168-10-146,124
B1_B27-28_192-168-10-74,125
B1_D-30_192-168-10-75,126
B1_G12-13_192-1658-10-138,127
B2_K10-11_192-168-10-148,128
B2_N12-13_192-168-10-149,129
B2_N14-15_192-168-10-150,130
B2_N13-14_192-168-10-151,131
B2_K12-13_192-168-10-152,132
B2_J10-11_192-168-10-153,133
B2_K13-14_192-168-10-154,134
B2_M07-08_192-168-10-155,135
B2_K07-08_192-168-10-157,136
B2_K09-10_192-168-10-158,137
B2_M10-11_192-168-10-159,138
B2_L08-09_192-168-10-160,139
B2_K08-09_192-168-10-161,140
B2_N07-08_192-168-10-163,141
B2_N09-10_192-168-10-164,142
B2_P08-09_192-168-10-165,143
B2_L14-15_192-168-10-166,144
B2_P9-10_192-168-10-167,145
B2_M09-10_192-168-10-168,146
B2_M13-14_192-168-10-169,147
B2_M12-13_192-168-10-170,148
B2_N08-09_192-168-10-175,149
B2_M08-09_192-168-10-178,150
B2_M14-15_192-168-10-179,151
B2_L12-13_192-168-10-181,152
B2_C19-20_192-168-10-182,153
B2_E16-17_192-168-10-183,154
B2_B22-23_192-168-10-184,155
B2_E23-24_192-168-10-185,156
B2_E19-20-192-168-10-186,157
B2_E15-16_192-168-10-187,158
B2_E25-26_192-168-10-188,159
B2_B15-16_192-168-10-189,160
B2_E24-25_192-168-10-190,161
B2_E18-19_192-168-10-191,162
B2_B19-20_192-168-10-192,163
B2_E21-22_192-168-10-193,164
B2_C22-23_192-168-10-194,165
B2_C26-27_192-168-10-195,166
B2_C25-26_192-168-10-196,167
B2_D16-17_192-168-10-197,168
B2_D17-18_192-168-10-198,169
B2_D15-16_192-168-10-199,170
B2_C24-25_192-168-10-200,171
B2_D19-20_192-168-10-201,172
B2_D25-26_192-168-10-202,173
B2_D20-21_192-168-10-203,174
B2_D25-25_192-168-10-204,175
B2_D21-22_192-168-10-205,176
B2_C15-16_192-168-10-206,177
B2_E20-21_192-168-10-207,178
B2_E17-18_192-168-10-208,179
B2_C18-19_192-168-10-209,180
B2_B21-22_192-168-10-210,181
B2_C16-17_192-168-10-211,182
B2_C20-21_192-168-10-212,183
B2_C17-18_192-168-10-213,184
B2_B18-19_192-168-10-214,185
B2_B16-17_192-168-10-215,186
B2_B20-21_192-168-10-216,187
B2_B17-18_192-168-10-217,188
null,189
null,190
B2_C21-22_192-168-10-220,191
B2_P0-P01_192-168-10-221,192
B2_P04-P05_192-168-10-222,193
B2_P05-06_192-168-10-223,194
B2_P06-07_192-168-10-224,195
B2_N01-02_198_168_10_225,196
B2_N02-03_198_168_10_226,197
B2_N03-04_198_168_10_227,198
B2_N04-05_198_168_10_228,199
B2_N05-06_198_168_10_229,200
B2_M01-02_192-168-10-230,201
B2_M02-03_192-168-10-231,202
B2_L01-02_198_168_10_232,203
B2_L02-03_198_168_10_233,204
B2_L03-04_192-168-10-234,205
null,206
B2_H01-02_198-168-10-236,207
B2_M03-04_198-168-10-237,208
B2_K02-03_198_168_10_238,209
B2_K3-4_192-168-10-239,210
B2_L05-M05_198_168_10_240,211
B2_J01-02_192-168-10-241,212
B2_H03-04_192-168-10-242,213
B2_M04-05_192-168-10-243,214
B2_F04-05_192-168-10-244,215
B2_G02-03_192-168-10-245,216
B2_C02-03_192-168-10-246,217
B2_G03-04_192-168-10-247,218
B2_C00-01_192-168-10-248,219
B2_C01-02_192-168-10-249,220
B2_E02-03_192-168-10-250,221
B2_K01-02_192-168-10-251,222
B2_F02-03_192-168-10-252,223
B2_E1-02_192-168-10-253,224
B2_G01-02_192-168-10-254,225
B2_G04-05_192-168-11-1,226
B2_E03-04_192-168-11-2,227
B2_E04-05_192-168-11-3,228
B2_F03-04_192-168-11-4,229
B2_F01-02_192-168-11-5,230
null,231
null,232
B2_G31-32_192-168-11-8,233
B2_H33-34_192-168-11-9,234
B2_G38-39_192-182-11-10,235
B2_H36-37_192-168-11-11,236
B2_G40-H40_192-168-11-12,237
B2_G32-33_192-168-11-13,238
B2_G36-37_192-168-11-14,239
B2_H30-31_192-168-11-15,240
B2_H37-38_192-168-11-16,241
B2_G34-35_192-168-11-17,242
B2_G35-36_192-168-11-18,243
B2_H34-35_192-168-11-19,244
B2_G37-38_192-168-11-20,245
B2_G29-30_192-168-11-21,246
B2_H39-I39_192-168-11-22,247
B2_H38-39_192-168-11-23,248
B2_H35-36_192-168-11-24,249
B2_G27-28_192-168-11-25,250
B2_H32-33_192-168-11-26,251
B2_G30-31_192-168-11-27,252
B2_G33-34_192-168-11-28,253
B2_G28-G29_192-168-11-29,254
null,255
null,256
B2_F37-F38_192-168-11-32,257
B2_E33-E34_192-168-11-33,258
B2_F35-36_192-168-11-34,259
B2_E36-E37_192-168-11-35,260
B2_F34-F35_192-168-11-36,261
B2_E30-31_192-168-11-37,262
B2_E37-E38_192-168-11-38,263
B2_F27-F28_192-168-11-39,264
B2_F32-F33_192-168-11-40,265
B2_F38-F39_192-168-11-41,266
B2_F31-F32_192-168-11-42,267
B2_F36-F37_192-168-11-43,268
B2_E35-E36_192-168-11-44,269
B2_E34-E35_192-168-11-45,270
B2_E28-E29_192-168-11-46,271
B2_E32-E33_192-168-11-47,272
B2_E31-E32_192-168-11-48,273
B2_E29-30_192-168-11-49,274
B2_F33-F34_192-168-11-50,275
B2_F29-F30_192-168-11-51,276
B2_F28-F29_192-168-11-52,277
B2_E38-E39_192-168-11-53,278
B2_F30-F31_192-168-11-54,279
B2_E27-E28_192-168-11-55,280
B2_B24-25_192-168-11-56,281
B2_B34-35_192-168-11-57,282
null,283
B2_B35-36_192-168-11-59,284
B2_B31-32_192-168-11-60,285
B2_B29-30_192-168-11-61,286
B2_B40-C40_192-168-11-62,287
B2_B30-31_192-168-11-63,288
B2_B26-27_192-168-11-64,289
B2_B28-29_192-168-11-65,290
B2_B25-26_192-168-11-66,291
B2_B34-35_192-168-11-67,292
B2_B32-33_192-168-11-68,293
B2_A32-33_192-168-11-69,294
B2_A40-B40_192-168-11-70,295
B2_A37-38_192-168-11-71,296
B2_A36-37_192-168-11-72,297
B2_B36-37_192-168-11-73,298
B2_A29-A30_192-168-11-74,299
B2_A35-36_192-168-11-75,300
B2_A38-39_192-168-11-76,301
B2_A28-29_192-168-11-77,302
B2_B27-28_192-168-11-78,303
B2_B37-B38_192-168-11-79,304
B2_B38-39_192-168-11-80,305
B2_B33-34_192-168-11-81,306
B2_A33-34_192-168-11-82,307
B2_D34-D35_192-168-11-83,308
B2_D35-D36_192-168-11-84,309
B2_C35-C36_192-168-11-85,310
B2_C33-34_192-168-11-86,311
B2_C38-C39_192-168-11-87,312
B2_C30-31_192-168-11-88,313
B2_D33-D34_192-168-11-89,314
B2_D28-D29_192-168-11-90,315
B2_E40_192-168-11-91,316
B2_D32-D33_192-168-11-92,317
null,318
B2_D27-D28_192-168-11-94,319
B2_D29-30_192-168-11-95,320
B2_C32-33_192-168-11-96,321
B2_C28-29_192-168-11-97,322
B2_C31-32_192-168-11-98,323
B2_F40-G40_192-168-11-99,324
B2_C40-D40_192-168-11-100,325
B2_D40-E40_192-168-11-101,326
B2_C37-C38_192-168-11-102,327
B2_C29-30_192-168-11-103,328
B2_C27-C28_192-168-11-104,329
B2_C34-C35_192-168-11-105,330
B2_C36-37_192-168-11-106,331
B2_D31-32_192-168-11-107,332
B2_D38-39_192-168-11-108,333
null,334
B2_D36-37_192-168-11-110,335
B2_F10-F11_192-168-11-111,336
B2_F06-F07_192-168-11-112,337
B2_C12-13_192-168-11-113,338
B2_D14-15_192-168-11-114,339
B2_D12-13_192-168-11-115,340
null,341
B2_F15-F16_192-168-11-117,342
B2_H10-H11_192-168-11-118,343
B2_G06-G07_192-168-11-119,344
B2_E14-E15_192-168-11-120,345
B2_G12-G13_192-168-11-121,346
B2_F14-F15_192-168-11-122,347
B2_C14-C15_192-168-11-123,348
B2_E08-E09_192-168-11-124,349
null,350
B2_F18-F19_192-168-11-126,351
B2_C13-C14_192-168-11-127,352
B2_G13-G14_192-168-11-128,353
B2_G14-G15_192-168-11-129,354
B2_E09-E10_192-168-11-130,355
B2_E07-E08_192-168-11-131,356
B2_F13-F14_192-168-11-132,357
B2_E06-E07_192-168-11-133,358
B2_G09-G10_192-168-11-134,359
B2_F08-F09_192-168-11-135,360
B2_F9-10_192-168-11-136,361
B2_F17-F18_192-168-11-137,362
B2_F16-F17_192-168-11-138,363
B2_F12-F13_192-168-11-139,364
null,365
B2_G10-G11_192-168-11-141,366
B2_E10-E11_192-168-11-142,367
B2_G07-G08_192-168-11-143,368
B2_E12-13_192-168-11-144,369
B2_F07-F08_192-168-11-145,370
B2_E11-E12_192-168-11-146,371
B2_G08-G09_192-168-11-147,372
B2_A06-07_192-168-11-148,373
B2_A15-16_192-168-11-149,374
B2_B06_192-168-11-150,375
B2_A08-A09_192-168-11-151,376
B2_A07-A08_192-168-11-152,377
null,378
B2_A12-13_192-168-11-154,379
null,380
B2_A11-12_192-168-11-156,381
B2_A9-A10_192-168-11-157,382
B2_C09-C10_192-168-11-158,383
B2_D04-D05_192-168-11-159,384
B2_B09-B10_192-168-11-160,385
B2_B12-B13_192-168-11-161,386
B2_D09-D10_192-168-11-162,387
B2_D07-D08_192-168-11-163,388
B2_D11-12_192-168-11-164,389
B2_D11-11_192-168-11-165,390
B2_D06-D07_192-168-11-166,391
B2_B13-B14_192-168-11-167,392
B2_C08-C09_192-168-11-168,393
B2_C10-C11_192-168-11-169,394
B2_B11-B12_192-168-11-170,395
B2_C11-C12_192-168-11-171,396
B2_B10-B11_192-168-11-172,397
B2_C04-C05_192-168-11-173,398
B2_C05-06_192-168-11-174,399
B2_C06-C07_192-168-11-175,400
B2_D01-D02_192-168-11-176,401
B2_B04_192-168-11-177,402
B2_B03_192-168-11-178,403
B2_B08-B09_192-168-11-179,404
B2_D02-D03_192-168-11-180,405
B2_B05-B06_192-168-11-181,406
B2_B14-B15_192-168-11-182,407
B2_P17-P18_192-168-11-183,408
B2_N16-N17_192-168-11-184,409
B2_N17-N18_192-168-11-185,410
B2_M17-M18_192-168-11-186,411
B2_M16-17_192-168-11-187,412
B2_L16-17_192-168-11-188,413
B2_P16-P17_192-168-11-189,414
B2_P15-P16_192-168-11-190,415
B2_P18-P19_192-168-11-191,416
B1_L18-L19_192-168-11-192,417
B2_L15-L16_192-168-11-193,418
B2_N18-N19_192-168-11-194,419
B2_M18-M19_192-168-11-195,420
B2_N15-N16_192-168-11-196,421
B2_H22-H23_192-168-11-197,422
B2_H21-H22_192-168-11-198,423
B2_D15-16_192-168-11-199,424
B2_H20-21_192-168-11-200,425
B2_L20-M20_192-168-11-201,426
B2_G22-G23_192-168-11-202,427
B2_G20-G21_192-168-11-203,428
B2_F20-21_192-168-11-204,429
B2_G21-G22_192-168-11-205,430
B2_F24-F25_192-168-11-206,431
null,432
B2_M15-M16_192-168-11-208,433
B2_L17-L18_192-168-11-209,434
B2_M20-N20_192-168-11-210,435
B2_J20-K20_192-168-11-211,436
B2_F21-F22_192-168-11-212,437
B2_K20-L20_192-168-11-213,438
B2_F22-F23_192-168-11-214,439
B2_F25-F26_192-168-11-215,440
B1_H14-G14_192-168-9-100,441
B1_C04-05_192-168-10-88,442
B1-K05-06_192-168-10-127,443
B2_K14-15_192-168-10-156,444
B2_N10-11_192-168-10-174,445
B2_P10-11_192-168-10-180,446
B2_L07-08_192-168-10-147,447
B2_L09-10_192-168-10-177,448
B2_L10-11_192-168-10-162,449
B2_L13-14_192-168-10-176,450
B1_H08-09_192-168-10-139,451
A43-45_192-168-12-1,452
A46-48_192-168-12-2,453
A49-51_192-168-12-3,454
A52-54_192-168-12-4,455
A55-57_192-168-12-5,456
A58-60_192-168-12-6,457
A61-62_192-168-12-7,458
A63-65_192-168-12-8,459
A66-68_192-168-12-9,460
A69-71_192-168-12-10,461
A72-74_192-168-12-11,462
A75-77_192-168-12-12,463
A78-80_192-168-12-13,464
A253-255_192-168-12-14,465
A256-258_192-168-12-15,466
A259-261_192-168-12-16,467
A262-264_192-168-12-17,468
A265-267_192-168-12-18,469
A269-271_192-168-12-19,470
A272-274_192-168-12-20,471
A275-277_192-168-12-21,472
A278-280_192-168-12-22,473
A281-283_192-168-12-23,474
A284-286_192-168-12-24,475
A287-289_192-168-12-25,476
A290-292_192-168-12-26,477
B01-02_192-168-12-27,478
B03-05_192-168-12-28,479
B06-07_192-168-12-29,480
B08-10_192-168-12-30,481
B11_192-168-12-31,482
B13-15_192-168-12-32,483
B24-27_192-168-12-33,484
B28-30_192-168-12-34,485
B31-33_192-168-12-35,486
B34-36_192-168-12-36,487
B37-39_192-168-12-37,488
B40-42_192-168-12-38,489
B43-45_192-168-12-39,490
B51-53_192-168-12-40,491
B54-56_192-168-12-41,492
B57-59_192-168-12-42,493
B60-62_192-168-12-43,494
B63-65_192-168-12-44,495
B66-68_192-168-12-45,496
B69-71_192-168-12-46,497
B72-74_192-168-12-47,498
B75-77_192-168-12-48,499
B78-80_192-168-12-49,500
B81-83_192-168-12-50,501
B84-86_192-168-12-51,502
B87-89_192-168-12-52,503
B90-92_192-168-12-53,504
B101-103_192-168-12-54,505
B104-106_192-168-12-55,506
B107-108b_192-168-12-56,507
B109-111_192-168-12-57,508
B112-114_192-168-12-58,509
B115-117_192-168-12-59,510
B141-143_192-168-12-60,511
B144-146_192-168-12-61,512
B147-149_192-168-12-62,513
B150-152_192-168-12-63,514
B155-157_192-168-12-64,515
B158-160_192-168-12-65,516
B161-163_192-168-12-66,517
B164-166_192-168-12-67,518
B167-169_192-168-12-68,519
B170-172_192-168-12-69,520
B173-174_192-168-12-70,521
B175-177_192-168-12-71,522
B178-180_192-168-12-72,523
B181-183_192-168-12-73,524
B184-186_192-168-12-74,525
B187-189_192-168-12-75,526
B190-193_192-168-12-76,527
B201-203_192-168-12-77,528
B204-206_192-168-12-78,529
B207-209_192-168-12-79,530
B210-212_192-168-12-80,531
B213-214_192-168-12-81,532
B215-217_192-168-12-82,533
B218-220_192-168-12-83,534
B221-222_192-168-12-84,535
B223-224_192-168-12-85,536
B225-227_192-168-12-86,537
B228-230_192-168-12-87,538
B231-233_192-168-12-88,539
B234-236_192-168-12-89,540
B237-239_192-168-12-90,541
B240-242_192-168-12-91,542
B243-245_192-168-12-92,543
B246-248_192-168-12-93,544
B249-251_192-168-12-94,545
B252-254_192-168-12-95,546
B257-258_192-168-12-96,547
B259-261_192-168-12-97,548
B262-264_192-168-12-98,549
B265-267_192-168-12-99,550
B268-270_192-168-13-105,551
B271-273_192-168-13-106,552
B274-276_192-168-13-107,553
B277-279_192-168-13-108,554
B280-282_192-168-13-109,555
B283-285_192-168-13-110,556
B286-288_192-168-13-111,557
B289-291_192-168-13-112,558
B292-294_192-168-13-113,559
B301-303_192-168-13-114,560
B304-306_192-168-13-115,561
B307-309_192-168-13-116,562
B310-312_192-168-13-117,563
B313-315_192-168-13-118,564
B316-318_192-168-13-119,565
B319-321_192-168-13-120,566
B322-324_192-168-13-121,567
B325-326_192-168-13-122,568
B327-329_192-168-13-123,569
B330-332_192-168-13-124,570
B333-335_192-168-13-125,571
B336-338_192-168-13-126,572
B339-341_192-168-13-127,573
B342-344_192-168-13-128,574
B345-347_192-168-13-129,575
B348-350_192-168-13-130,576
B351-353_192-168-13-131,577
B354-356_192-168-13-132,578
B359-360_192-168-13-133,579
B361-362_192-168-13-134,580
B363-365_192-168-13-135,581
B366-368_192-168-13-136,582
B369-371_192-168-13-137,583
B372-374_192-168-13-138,584
B375-377_192-168-13-139,585
B378_379_192-168-13-140,586
B380-382_192-168-13-141,587
B383-385_192-168-13-142,588
B386-388_192-168-13-143,589
B389-391_192-168-13-144,590
B392_192-168-13-145,591
C01-03_192-168-13-146,592
C04-06_192-168-13-147,593
C07-09_192-168-13-148,594
C10-12_192-168-13-149,595
C13-15_192-168-13-150,596
C16-18_192-168-13-151,597
C19-20_192-168-13-152,598
C15b-16b_192-168-13-153,599
C17b-18b_192-168-13-154,600
C19b-21_192-168-13-155,601
C22-24_192-168-13-156,602
C25-27_192-168-13-157,603
C28-30_192-168-13-158,604
C31-33_192-168-13-159,605
C34-36_192-168-13-160,606
C37-39_192-168-13-161,607
C40-42_192-168-13-162,608
C43-45_192-168-13-163,609
C46-48_192-168-13-164,610
C49-50_192-168-13-165,611
C51-52_192-168-13-166,612
C53-55_192-168-13-167,613
C56-58_192-168-13-168,614
C59-61_192-168-13-169,615
C62-64_192-168-13-170,616
C65-67_192-168-13-171,617
C68-70_192-168-13-172,618
C71-73_192-168-13-173,619
C74-76_192-168-13-174,620
C77-79_192-168-13-175,621
C80-82_192-168-13-176,622
C83-85_192-168-13-177,623
C101-103_192-168-13-178,624
C104-106_192-168-13-179,625
C107-109_192-168-13-180,626
C110-112_192-168-13-181,627
C113-115_192-168-13-182,628
C116-117_192-168-13-183,629
C118-120_192-168-13-184,630
C121-123_192-168-13-185,631
C124-126_192-168-13-186,632
C127-129_192-168-13-187,633
C130-132_192-168-13-188,634
C133-136_192-168-13-189,635
C137-139_192-168-13-190,636
C140-142_192-168-13-191,637
C143-145_192-168-13-192,638
C146-148_192-168-13-193,639
C149-151_192-168-13-194,640
C152-154_192-168-13-195,641
C155-157_192-168-13-196,642
C158-159_192-168-13-197,643
C160-161_192-168-13-198,644
C162-164_192-168-13-199,645
C165-167_192-168-13-200,646
C168-170_192-168-13-201,647
C171-173_192-168-13-202,648
C174-176_192-168-13-203,649
C177-179_192-168-13-204,650
C180-182_192-168-13-205,651
C183-186_192-168-13-206,652
C187-189_192-168-13-207,653
C190-192_192-168-13-208,654
C201-202_192-168-13-209,655
C203-204_192-168-13-210,656
C205-207_192-168-13-211,657
C208-210_192-168-13-212,658
C211-213_192-168-13-213,659
C214-216_192-168-13-214,660
C217-219_192-168-13-215,661
C221-222_192-168-13-216,662
C224-225_192-168-13-217,663
C226-228_192-168-13-218,664
C229-231_192-168-13-219,665
C132-234_192-168-13-220,666
C235-237_192-168-13-221,667
C238-240_192-168-13-222,668
C241-243a_192-168-13-223,669
C243b-245_192-168-13-224,670
C246-248_192-168-13-225,671
C249-251_192-168-13-226,672
C252-254_192-168-13-227,673
C255-256_192-168-13-228,674
C257-258_192-168-13-229,675
C259-261_192-168-13-230,676
C262-264_192-168-13-231,677
C265-267_192-168-13-232,678
C268-270_192-168-13-233,679
C271-273_192-168-13-234,680
C274-276_192-168-13-235,681
C277-279_192-168-13-236,682
C280-281_192-168-13-237,683
C282-284_192-168-13-238,684
C285-287_192-168-13-239,685
C301-303_192-168-13-240,686
C304-306_192-168-13-241,687
C307-309_192-168-13-242,688
C310-312_192-168-13-243,689
C313-315_192-168-13-244,690
C316-318_192-168-13-245,691
C319-320_192-168-13-246,692
C322-323_192-168-13-247,693
C325-326_192-168-13-248,694
C327-329_192-168-13-249,695
C330-332_192-168-13-250,696
C333-335_192-168-13-251,697
C336-338_192-168-13-252,698
C339-341_192-168-13-253,699
C342_344_192-168-13-254,700
C345-347_192-168-14-1,701
C348-350_192-168-14-2,702
C351-353_192-168-14-3,703
C354-356_192-168-14-4,704
C357-358_192-168-14-5,705
C363-364_192-168-14-6,706
C365-367_192-168-14-7,707
C368-370_192-168-14-8,708
C371-373_192-168-14-9,709
C374-376_192-168-14-10,710
C377-379_192-168-14-11,711
C380-382_192-168-14-12,712
C383-385_192-168-14-13,713
C386-388_192-168-14-14,714
D09-11_192-168-14-15,715
D12-14_192-168-14-16,716
D15-17_192-168-14-17,717
D18-20_192-168-14-18,718
D21-23_192-168-14-19,719
D24-26_192-168-14-20,720
D27-29_192-168-14-21,721
D30-32_192-168-14-22,722
D33-35_192-168-14-23,723
D36-38_192-168-14-24,724
D39-41_192-168-14-25,725
D42-44_192-168-14-26,726
D45-46_192-168-14-27,727
D47-49_192-168-14-28,728
D50-52_192-168-14-29,729
D53-55_192-168-14-30,730
D56-58_192-168-14-31,731
D59-61_192-168-14-32,732
D62-64_192-168-14-33,733
D65-66_192-168-14-34,734
D67-69_192-168-14-35,735
D70-72_192-168-14-36,736
D73-75_192-168-14-37,737
D76-78_192-168-14-38,738
D79-81_192-168-14-39,739
D82-83_192-168-14-40,740
D108-110_192-168-14-41,741
D111-113_192-168-14-42,742
D114-116_192-168-14-43,743
D117-119_192-168-14-44,744
D120-121_192-168-14-45,745
D122-123_192-168-14-46,746
D124-126_192-168-14-47,747
D127-130_192-168-14-48,748
D131-133_192-168-14-49,749
D134-136_192-168-14-50,750
D137-139_192-168-14-51,751
D140-141_192-168-14-52,752
D142-144_192-168-14-53,753
D145-147_192-168-14-54,754
D148_192-168-14-55,755
D156-158_192-168-14-56,756
D159-161_192-168-14-57,757
D162-164_192-168-14-58,758
D165-167_192-168-14-59,759
D168-170_192-168-14-60,760
D171-172_192-168-14-61,761
